"id","name","birthday","email"
1,"Hatty","1996-07-13","hmuino0@bluehost.com"
2,"Munmro","1998-01-07","mbrett1@biglobe.ne.jp"
4,"Vernor","1987-06-27","vgabbidon3@bloomberg.com"
6,"Gustie","1983-03-13","gkeilty5@linkedin.com"
7,"Javier","1981-08-28","jhussey6@vistaprint.com"
9,"Geoffrey","1984-11-20","gkillock8@flavors.me"
10,"Ian","1993-01-31","ihallstone9@berkeley.edu"
11,"Holden","1988-09-29","htriponya@scribd.com"
13,"Gilbert","1997-06-28","ggarredc@jugem.jp"
16,"Joyce","1988-06-21","jkewardf@indiatimes.com"
17,"Che","1991-01-28","ccheeversg@nydailynews.com"
19,"Marcelia","1981-03-28","mcardenosai@elpais.com"
22,"Caresse","1987-06-30","ceyckelbergl@telegraph.co.uk"
24,"Nettie","1983-03-12","nortonn@amazon.com"
25,"Matthaeus","1986-07-19","mdevlino@purevolume.com"
26,"Donnie","1988-08-25","dbumpassp@dailymail.co.uk"
27,"Maurita","1984-12-11","msoroq@squarespace.com"
28,"Padraic","1990-12-27","pjobbingsr@marketwatch.com"
29,"Janaya","1995-08-18","jfeeks@buzzfeed.com"
30,"Miner","1985-01-20","mvaughnt@globo.com"
31,"Patrice","1990-04-05","pseckeru@theguardian.com"
33,"Orton","1990-05-16","omulvaneyw@joomla.org"
34,"Jacobo","1994-06-19","jcromex@mozilla.com"
35,"Haslett","1994-02-05","hvandenoordy@topsy.com"
36,"Kalle","1998-10-06","konolandz@yelp.com"
37,"Devland","1989-03-21","dbradane10@mlb.com"
38,"Jerrilyn","1995-11-21","jriccard11@netvibes.com"
39,"Melita","1990-07-28","mlodwig12@hostgator.com"
40,"Gussie","1997-10-11","gredihalgh13@vinaora.com"
42,"Jonis","1982-06-13","jrozanski15@icio.us"
43,"Estel","1994-01-19","eaggis16@deliciousdays.com"
44,"Serge","1980-04-16","sskiggs17@eventbrite.com"
45,"Rodger","1993-05-30","rschultz18@loc.gov"
46,"Haze","1990-05-26","heastope19@foxnews.com"
47,"Willow","1990-02-23","wverryan1a@t-online.de"
48,"Juanita","1988-12-19","jpaton1b@gmpg.org"
49,"Roseline","1995-02-05","radriaan1c@bizjournals.com"
50,"Mella","1980-04-06","mkimm1d@ucsd.edu"
20,"XXXX","1981-08-31","atarplyj@state.tx.us"
21,"XXXX","1992-04-22","aloyk@surveymonkey.com"
32,"XXXX","2000-01-12","aarrellv@phpbb.com"
41,"XXXX","1983-11-06","abinks14@studiopress.com"
